timestamp,benchmark_type,model,final_score,iou,classification_correct,distance,score_formula,input_file,ground_truth,response,user_prompt
2026-01-02T16:27:41.887087,outcome_text,qwen/qwen-2.5-vl-7b-instruct,False,,False,,exact match,benchmark3_event/examples/outcome_text/OUTCOME1.json,The ball falls down in the pipe because of the gravity and after going through it lands on the ground where it bounces a bit,The ball is launched into the air by the hot air balloon when the machine is started.,What happens to the ball when the machine is started?
2026-01-02T16:27:43.428381,outcome_text,qwen/qwen-2.5-vl-7b-instruct,False,,False,,exact match,benchmark3_event/examples/outcome_text/OUTCOME10.json,The ball won't move and stay on the platfrom,The ball will land on the seesaw.,Where will the ball land?
2026-01-02T16:27:45.019404,outcome_text,qwen/qwen-2.5-vl-7b-instruct,False,,False,,exact match,benchmark3_event/examples/outcome_text/OUTCOME2.json,The mouse runs away from the cat and triggers the conveyor belt this moves the cheese and it falls into the bucket,"After the simulation is started, the mouse is lifted by the seesaw mechanism and moves towards the bucket.",What does the mouse do after simulation is started?
2026-01-02T16:27:46.852349,outcome_text,qwen/qwen-2.5-vl-7b-instruct,False,,False,,exact match,benchmark3_event/examples/outcome_text/OUTCOME3.json,The electric motor activates the conveyor belt that moves the cheese and it hits the button of the boxing glove,"The electric motor in the image is connected to a gear system. The motor spins, which in turn rotates the gear. The gear is connected to a lever that is attached to a ball. As the gear rotates, it causes the lever to move, which in turn pushes the ball forward.",Describe the chain of events starting from the electric motor
2026-01-02T16:27:49.378374,outcome_text,qwen/qwen-2.5-vl-7b-instruct,False,,False,,exact match,benchmark3_event/examples/outcome_text/OUTCOME4.json,The monkey get triggered by the banana that turns the belt which turns three gears after it moves the trans-roto-matic,"The monkey is sitting on a rotating platform. The platform is connected to a series of gears and levers. As the monkey rotates the platform, it triggers a mechanism that lifts a bucket filled with water. The bucket is suspended by a rope and pulley system, which is activated by the movement of the platform. The bucket then drops the water into a container below.",Describe the chain of events starting from the monkey
2026-01-02T16:27:52.825912,outcome_text,qwen/qwen-2.5-vl-7b-instruct,False,,False,,exact match,benchmark3_event/examples/outcome_text/OUTCOME5.json,The laser is plugged into the socked powering the ballon to go upwards,"The chain of events starting from the socket involves the following steps:

1. The socket is connected to the power source.
2. The power source activates the motor.
3. The motor turns the gear.
4. The gear rotates the wheel.
5. The wheel lifts the hot air balloon.

This sequence demonstrates a simple mechanical system where energy from the power source is converted into motion, which in turn lifts the hot air balloon.",Describe the chain of events starting from the socket
2026-01-02T16:27:54.529016,outcome_text,qwen/qwen-2.5-vl-7b-instruct,False,,False,,exact match,benchmark3_event/examples/outcome_text/OUTCOME6.json,The bowling ball travels through the pipes and lands on the wooden floor and triggers....,The bowling ball will land on the seesaw.,Where will the bowling ball land?
2026-01-02T16:27:56.947410,outcome_text,qwen/qwen-2.5-vl-7b-instruct,False,,False,,exact match,benchmark3_event/examples/outcome_text/OUTCOME7.json,Nothing triggers the socket lever,"The machine is not working because there is no goal description provided, which is necessary for the machine to know what to achieve.",What makes the machine not working?
2026-01-02T16:27:59.097065,outcome_text,qwen/qwen-2.5-vl-7b-instruct,False,,False,,exact match,benchmark3_event/examples/outcome_text/OUTCOME8.json,None,"The monkey is positioned on the left side of the screen, standing on a brick platform. The monkey appears to be the starting point of the chain of events. The goal is not specified, but typically in ""The Incredible Machines 2,"" the player would use various tools and mechanisms to create a chain reaction that moves the monkey towards a goal, such as a lamp or a ball. The player would need to place and activate different machines and objects to achieve the goal.",Describe the chain of events starting from the monkey
2026-01-02T16:28:00.978734,outcome_text,qwen/qwen-2.5-vl-7b-instruct,False,,False,,exact match,benchmark3_event/examples/outcome_text/OUTCOME9.json,Nothing there’s no event that triggers the mouse,The newton mouse after simulation is started is located in the top right corner of the screen.,What does the newton mouse after simulation is started?
